Months,eth
1,1314.986206
2,1416.04895
3,1918.362061
4,2773.207031
5,2714.945313
6,2274.547607
7,2536.209961
8,3433.732666
9,3001.678955
10,4288.074219
11,4631.479004
12,3682.632813
