Months,eth
1,107.061012
2,136.746246
3,141.514099
4,162.166031
5,268.113556
6,290.695984
7,218.654144
8,172.469788
9,179.872208
10,183.966919
11,152.539688
12,129.610855
