Months,eth
1,180.160172
2,219.848511
3,133.593567
4,207.602051
5,230.975708
6,226.315002
7,345.554657
8,435.079742
9,359.937866
10,386.590332
11,614.842529
12,737.803406
